"Status","Start Time","Stop Time","Duration in ms","Parent Suite","Suite","Sub Suite","Test Class","Test Method","Name","Description"
"passed","Sun Aug 15 10:58:48 GMT 2021","Sun Aug 15 10:58:54 GMT 2021","6915","testproject","TC005follow_test","","","","test_follow",""
"passed","Sun Aug 15 10:59:22 GMT 2021","Sun Aug 15 11:00:02 GMT 2021","40061","testproject","TC007postcomment_test","","","","test_comment",""
"passed","Sun Aug 15 11:00:02 GMT 2021","Sun Aug 15 11:00:21 GMT 2021","19018","testproject","TC008postdelete_test","","","","test_blog_delete",""
"passed","Sun Aug 15 11:00:29 GMT 2021","Sun Aug 15 11:00:37 GMT 2021","7601","testproject","TC010globalfeed_test","","","","test_Global",""
"passed","Sun Aug 15 10:58:39 GMT 2021","Sun Aug 15 10:58:48 GMT 2021","8953","testproject","TC004logout_test","","","","test_sign_in",""
"passed","Sun Aug 15 11:00:21 GMT 2021","Sun Aug 15 11:00:29 GMT 2021","7774","testproject","TC009cookies_test","","","","test_cookie",""
"passed","Sun Aug 15 10:57:53 GMT 2021","Sun Aug 15 10:58:03 GMT 2021","9604","testproject","TC002login_test","","","","test_login",""
"broken","Sun Aug 15 10:58:54 GMT 2021","Sun Aug 15 10:59:22 GMT 2021","27803","testproject","TC006newblog_test","","","","test_newpost",""
"passed","Sun Aug 15 10:57:24 GMT 2021","Sun Aug 15 10:57:53 GMT 2021","29197","testproject","TC001registration_test","TestUserReg","","","test_registration",""
"passed","Sun Aug 15 10:58:03 GMT 2021","Sun Aug 15 10:58:39 GMT 2021","35952","testproject","TC003username_mod_test","","","","test_username_mod",""
